dpoh_id,comlog_id,dates,dpoh_name_raw,gpt_superclean_title,count,CleanName_version1,CleanTitle_version1,CleanName_version2,CleanTitle_version2,CleanName_version3,CleanTitle_version3
0604ea10f93f4a39,162887,2010-12-08,Hon. Ujjal Dosanjh,Member of Parliament,1,Ujjal Dosanjh,Member of Parliament,Ujjal Dosanjh,Member of Parliament,Ujjal Dosanjh,Member of Parliament
0604ea10f93f4a39,165968,2011-02-14,Hon. Ujjal Dosanjh,Member of Parliament,1,Ujjal Dosanjh,Member of Parliament,Ujjal Dosanjh,Member of Parliament,Ujjal Dosanjh,Member of Parliament
0604ea10f93f4a39,156582,2010-10-05,The Hon. Ujjal Dosanjh,Member of Parliament,1,Ujjal Dosanjh,Member of Parliament,Ujjal Dosanjh,Member of Parliament,Ujjal Dosanjh,Member of Parliament
0604ea10f93f4a39,160919,2010-11-23,The Hon. Ujjal Dosanjh,Member of Parliament,1,Ujjal Dosanjh,Member of Parliament,Ujjal Dosanjh,Member of Parliament,Ujjal Dosanjh,Member of Parliament
8050b25f6b5c4ab7,512574,2021-07-12,Uchida Tatsukuni,"Consul General, Calgary for Japan",1,Uchida Tatsukuni,"Consul General, Calgary for Japan",Uchida Tatsukuni,"Consul General, Calgary for Japan",Uchida Tatsukuni,"Consul General, Calgary for Japan"
f3ea5126045945a0,514564,2021-09-17,Uday Sequeira,Deputy Director,1,Uday Sequeira,Deputy Director,Uday Sequeira,Deputy Director,Uday Sequeira,Deputy Director
f3ea5126045945a0,514565,2021-10-05,Uday Sequeira,Deputy Director,1,Uday Sequeira,Deputy Director,Uday Sequeira,Deputy Director,Uday Sequeira,Deputy Director
aa0bc80e5936449d,595644,2024-02-20,Udita Sameul,"Deputy Director, Operations",1,Udita Sameul,"Deputy Director, Operations",Udita Sameul,"Deputy Director, Operations",Udita Sameul,"Deputy Director, Operations"
13f7f2f447e34bb3,563825,2023-04-21,Udita  Samuel,"Regional Advisor, Ontario",1,Udita Samuel,"Regional Advisor, Ontario",Udita Samuel,"Regional Advisor, Ontario",Udita Samuel,"Regional Advisor, Ontario"
13f7f2f447e34bb3,594414,2024-02-23,Udita  Samuel,Deputy Director,1,Udita Samuel,Deputy Director,Udita Samuel,"Regional Advisor, Ontario",Udita Samuel,"Regional Advisor, Ontario"
13f7f2f447e34bb3,607245,2024-06-06,Udita  Samuel,"Deputy Director, Operations and Outreach",1,Udita Samuel,"Deputy Director, Operations and Outreach",Udita Samuel,"Regional Advisor, Ontario",Udita Samuel,"Regional Advisor, Ontario"
13f7f2f447e34bb3,563422,2023-04-18,Udita  Samuel ,"Regional Advisor, Ontario",1,Udita Samuel,"Regional Advisor, Ontario",Udita Samuel,"Regional Advisor, Ontario",Udita Samuel,"Regional Advisor, Ontario"
13f7f2f447e34bb3,482123,2020-08-17,Udita Samuel,"Policy Advisor, Diversity Inclusion and Youth",1,Udita Samuel,"Policy Advisor, Diversity Inclusion and Youth",Udita Samuel,"Regional Advisor, Ontario",Udita Samuel,"Regional Advisor, Ontario"
13f7f2f447e34bb3,494814,2021-01-29,Udita Samuel,"Parliamentary Secretary | Assistant, Operations",1,Udita Samuel,"Parliamentary Secretary | Assistant, Operations",Udita Samuel,"Regional Advisor, Ontario",Udita Samuel,"Regional Advisor, Ontario"
13f7f2f447e34bb3,495781,2021-01-29,Udita Samuel,Policy Advisor,1,Udita Samuel,Policy Advisor,Udita Samuel,"Regional Advisor, Ontario",Udita Samuel,"Regional Advisor, Ontario"
13f7f2f447e34bb3,513319,2021-07-07,Udita Samuel,"Parliamentary Secretary | Assistant, Operations",1,Udita Samuel,"Parliamentary Secretary | Assistant, Operations",Udita Samuel,"Regional Advisor, Ontario",Udita Samuel,"Regional Advisor, Ontario"
13f7f2f447e34bb3,530396,2022-02-03,Udita Samuel,Director of Operations,1,Udita Samuel,Director of Operations,Udita Samuel,"Regional Advisor, Ontario",Udita Samuel,"Regional Advisor, Ontario"
13f7f2f447e34bb3,530395,2022-03-10,Udita Samuel,Exempt Staff,1,Udita Samuel,Exempt Staff,Udita Samuel,"Regional Advisor, Ontario",Udita Samuel,"Regional Advisor, Ontario"
13f7f2f447e34bb3,527584,2022-03-15,Udita Samuel,Director of Operations,1,Udita Samuel,Director of Operations,Udita Samuel,"Regional Advisor, Ontario",Udita Samuel,"Regional Advisor, Ontario"
13f7f2f447e34bb3,530431,2022-04-28,Udita Samuel,Director of Operations,1,Udita Samuel,Director of Operations,Udita Samuel,"Regional Advisor, Ontario",Udita Samuel,"Regional Advisor, Ontario"
13f7f2f447e34bb3,537455,2022-06-20,Udita Samuel,"Regional Advisor, Ontario",1,Udita Samuel,"Regional Advisor, Ontario",Udita Samuel,"Regional Advisor, Ontario",Udita Samuel,"Regional Advisor, Ontario"
13f7f2f447e34bb3,541775,2022-08-24,Udita Samuel,Regional Advisor,1,Udita Samuel,Regional Advisor,Udita Samuel,"Regional Advisor, Ontario",Udita Samuel,"Regional Advisor, Ontario"
13f7f2f447e34bb3,541776,2022-08-26,Udita Samuel,Regional Advisor,1,Udita Samuel,Regional Advisor,Udita Samuel,"Regional Advisor, Ontario",Udita Samuel,"Regional Advisor, Ontario"
13f7f2f447e34bb3,544220,2022-09-07,Udita Samuel,"Regional Advisor, Ontario",1,Udita Samuel,"Regional Advisor, Ontario",Udita Samuel,"Regional Advisor, Ontario",Udita Samuel,"Regional Advisor, Ontario"
13f7f2f447e34bb3,541997,2022-09-08,Udita Samuel,"Staffer, Prime Minister's Office",1,Udita Samuel,"Staffer, Prime Minister's Office",Udita Samuel,"Regional Advisor, Ontario",Udita Samuel,"Regional Advisor, Ontario"
13f7f2f447e34bb3,544079,2022-09-13,Udita Samuel,"Regional Advisor, Ontario",1,Udita Samuel,"Regional Advisor, Ontario",Udita Samuel,"Regional Advisor, Ontario",Udita Samuel,"Regional Advisor, Ontario"
13f7f2f447e34bb3,547633,2022-10-14,Udita Samuel,"Regional Advisor, Ontario",1,Udita Samuel,"Regional Advisor, Ontario",Udita Samuel,"Regional Advisor, Ontario",Udita Samuel,"Regional Advisor, Ontario"
13f7f2f447e34bb3,544510,2022-10-18,Udita Samuel,"Regional Advisor, Ontario",1,Udita Samuel,"Regional Advisor, Ontario",Udita Samuel,"Regional Advisor, Ontario",Udita Samuel,"Regional Advisor, Ontario"
13f7f2f447e34bb3,545755,2022-10-18,Udita Samuel,Senior Advisor,1,Udita Samuel,Senior Advisor,Udita Samuel,"Regional Advisor, Ontario",Udita Samuel,"Regional Advisor, Ontario"
13f7f2f447e34bb3,545814,2022-10-25,Udita Samuel,Regional Advisor,1,Udita Samuel,Regional Advisor,Udita Samuel,"Regional Advisor, Ontario",Udita Samuel,"Regional Advisor, Ontario"
13f7f2f447e34bb3,547879,2022-10-25,Udita Samuel,"Regional Advisor, Ontario",1,Udita Samuel,"Regional Advisor, Ontario",Udita Samuel,"Regional Advisor, Ontario",Udita Samuel,"Regional Advisor, Ontario"
13f7f2f447e34bb3,553000,2022-12-07,Udita Samuel,Regional Advisor,1,Udita Samuel,Regional Advisor,Udita Samuel,"Regional Advisor, Ontario",Udita Samuel,"Regional Advisor, Ontario"
13f7f2f447e34bb3,560351,2023-02-01,Udita Samuel,Policy Advisor,1,Udita Samuel,Policy Advisor,Udita Samuel,"Regional Advisor, Ontario",Udita Samuel,"Regional Advisor, Ontario"
13f7f2f447e34bb3,558297,2023-02-01,Udita Samuel,"Regional Advisor, Ontario",1,Udita Samuel,"Regional Advisor, Ontario",Udita Samuel,"Regional Advisor, Ontario",Udita Samuel,"Regional Advisor, Ontario"
13f7f2f447e34bb3,557319,2023-02-16,Udita Samuel,Regional Advisor,1,Udita Samuel,Regional Advisor,Udita Samuel,"Regional Advisor, Ontario",Udita Samuel,"Regional Advisor, Ontario"
13f7f2f447e34bb3,559215,2023-02-16,Udita Samuel,"Regional Advisor, Ontario",1,Udita Samuel,"Regional Advisor, Ontario",Udita Samuel,"Regional Advisor, Ontario",Udita Samuel,"Regional Advisor, Ontario"
13f7f2f447e34bb3,557194,2023-02-22,Udita Samuel,Stakeholder Relations Advisor,1,Udita Samuel,Stakeholder Relations Advisor,Udita Samuel,"Regional Advisor, Ontario",Udita Samuel,"Regional Advisor, Ontario"
13f7f2f447e34bb3,557584,2023-03-02,Udita Samuel,Regional Advisor,1,Udita Samuel,Regional Advisor,Udita Samuel,"Regional Advisor, Ontario",Udita Samuel,"Regional Advisor, Ontario"
13f7f2f447e34bb3,557683,2023-03-03,Udita Samuel,Stakeholder Relations Advisor,1,Udita Samuel,Stakeholder Relations Advisor,Udita Samuel,"Regional Advisor, Ontario",Udita Samuel,"Regional Advisor, Ontario"
13f7f2f447e34bb3,563823,2023-04-21,Udita Samuel,"Regional Advisor, Ontario",1,Udita Samuel,"Regional Advisor, Ontario",Udita Samuel,"Regional Advisor, Ontario",Udita Samuel,"Regional Advisor, Ontario"
13f7f2f447e34bb3,564555,2023-05-09,Udita Samuel,"Regional Advisor, Ontario",1,Udita Samuel,"Regional Advisor, Ontario",Udita Samuel,"Regional Advisor, Ontario",Udita Samuel,"Regional Advisor, Ontario"
13f7f2f447e34bb3,571915,2023-06-20,Udita Samuel,Stakeholder Relations Advisor,1,Udita Samuel,Stakeholder Relations Advisor,Udita Samuel,"Regional Advisor, Ontario",Udita Samuel,"Regional Advisor, Ontario"
13f7f2f447e34bb3,580624,2023-10-26,Udita Samuel,"Regional Advisor, Ontario",1,Udita Samuel,"Regional Advisor, Ontario",Udita Samuel,"Regional Advisor, Ontario",Udita Samuel,"Regional Advisor, Ontario"
13f7f2f447e34bb3,581046,2023-11-02,Udita Samuel,"Regional Advisor, Ontario",1,Udita Samuel,"Regional Advisor, Ontario",Udita Samuel,"Regional Advisor, Ontario",Udita Samuel,"Regional Advisor, Ontario"
13f7f2f447e34bb3,586956,2023-11-02,Udita Samuel,"Regional Advisor, Ontario",1,Udita Samuel,"Regional Advisor, Ontario",Udita Samuel,"Regional Advisor, Ontario",Udita Samuel,"Regional Advisor, Ontario"
13f7f2f447e34bb3,586342,2023-11-06,Udita Samuel,Deputy Director,1,Udita Samuel,Deputy Director,Udita Samuel,"Regional Advisor, Ontario",Udita Samuel,"Regional Advisor, Ontario"
13f7f2f447e34bb3,586546,2023-11-07,Udita Samuel,"Deputy Director, Operations and Outreach",1,Udita Samuel,"Deputy Director, Operations and Outreach",Udita Samuel,"Regional Advisor, Ontario",Udita Samuel,"Regional Advisor, Ontario"
13f7f2f447e34bb3,587849,2023-11-07,Udita Samuel,"Deputy Director, Operations and Outreach",1,Udita Samuel,"Deputy Director, Operations and Outreach",Udita Samuel,"Regional Advisor, Ontario",Udita Samuel,"Regional Advisor, Ontario"
13f7f2f447e34bb3,583100,2023-11-07,Udita Samuel,"Director, Operations and Outreach",1,Udita Samuel,"Director, Operations and Outreach",Udita Samuel,"Regional Advisor, Ontario",Udita Samuel,"Regional Advisor, Ontario"
13f7f2f447e34bb3,588173,2023-11-22,Udita Samuel,"Deputy Director, Operations and Outreach",1,Udita Samuel,"Deputy Director, Operations and Outreach",Udita Samuel,"Regional Advisor, Ontario",Udita Samuel,"Regional Advisor, Ontario"
13f7f2f447e34bb3,584860,2023-11-22,Udita Samuel,"Director, Operations and Outreach",1,Udita Samuel,"Director, Operations and Outreach",Udita Samuel,"Regional Advisor, Ontario",Udita Samuel,"Regional Advisor, Ontario"
13f7f2f447e34bb3,585547,2023-12-04,Udita Samuel,"Deputy Director, Operations and Outreach",1,Udita Samuel,"Deputy Director, Operations and Outreach",Udita Samuel,"Regional Advisor, Ontario",Udita Samuel,"Regional Advisor, Ontario"
13f7f2f447e34bb3,591125,2024-01-11,Udita Samuel,Stakeholder Relations Advisor,1,Udita Samuel,Stakeholder Relations Advisor,Udita Samuel,"Regional Advisor, Ontario",Udita Samuel,"Regional Advisor, Ontario"
13f7f2f447e34bb3,592422,2024-01-15,Udita Samuel,"Deputy Director, Operations and Outreach",1,Udita Samuel,"Deputy Director, Operations and Outreach",Udita Samuel,"Regional Advisor, Ontario",Udita Samuel,"Regional Advisor, Ontario"
13f7f2f447e34bb3,591166,2024-01-22,Udita Samuel,"Deputy Director, Operations and Outreach",1,Udita Samuel,"Deputy Director, Operations and Outreach",Udita Samuel,"Regional Advisor, Ontario",Udita Samuel,"Regional Advisor, Ontario"
13f7f2f447e34bb3,593782,2024-01-22,Udita Samuel,"Deputy Director, Operations and Outreach",1,Udita Samuel,"Deputy Director, Operations and Outreach",Udita Samuel,"Regional Advisor, Ontario",Udita Samuel,"Regional Advisor, Ontario"
13f7f2f447e34bb3,592010,2024-01-22,Udita Samuel,Political Attaché,1,Udita Samuel,Political Attaché,Udita Samuel,"Regional Advisor, Ontario",Udita Samuel,"Regional Advisor, Ontario"
13f7f2f447e34bb3,597433,2024-02-27,Udita Samuel,Operations,1,Udita Samuel,Operations,Udita Samuel,"Regional Advisor, Ontario",Udita Samuel,"Regional Advisor, Ontario"
13f7f2f447e34bb3,599091,2024-03-21,Udita Samuel,Operations,1,Udita Samuel,Operations,Udita Samuel,"Regional Advisor, Ontario",Udita Samuel,"Regional Advisor, Ontario"
13f7f2f447e34bb3,604343,2024-05-01,Udita Samuel,Operations,1,Udita Samuel,Operations,Udita Samuel,"Regional Advisor, Ontario",Udita Samuel,"Regional Advisor, Ontario"
13f7f2f447e34bb3,608998,2024-05-14,Udita Samuel,"Deputy Director, Operations and Outreach",1,Udita Samuel,"Deputy Director, Operations and Outreach",Udita Samuel,"Regional Advisor, Ontario",Udita Samuel,"Regional Advisor, Ontario"
13f7f2f447e34bb3,608597,2024-05-28,Udita Samuel,"Deputy Director, Operations and Outreach",1,Udita Samuel,"Deputy Director, Operations and Outreach",Udita Samuel,"Regional Advisor, Ontario",Udita Samuel,"Regional Advisor, Ontario"
13f7f2f447e34bb3,609649,2024-06-06,Udita Samuel,Regional Advisor,1,Udita Samuel,Regional Advisor,Udita Samuel,"Regional Advisor, Ontario",Udita Samuel,"Regional Advisor, Ontario"
13f7f2f447e34bb3,613235,2024-07-11,Udita Samuel,"Deputy Director, Operations and Outreach",1,Udita Samuel,"Deputy Director, Operations and Outreach",Udita Samuel,"Regional Advisor, Ontario",Udita Samuel,"Regional Advisor, Ontario"
13f7f2f447e34bb3,614042,2024-08-21,Udita Samuel,Regional Advisor,1,Udita Samuel,Regional Advisor,Udita Samuel,"Regional Advisor, Ontario",Udita Samuel,"Regional Advisor, Ontario"
13f7f2f447e34bb3,610992,2024-06-11,Udita Samuel ,"Deputy Director, Operations and Outreach",1,Udita Samuel,"Deputy Director, Operations and Outreach",Udita Samuel,"Regional Advisor, Ontario",Udita Samuel,"Regional Advisor, Ontario"
90d33bc581ea4235,608151,2024-05-21,Udita Samuels,"Deputy Director, Operations",1,Udita Samuels,"Deputy Director, Operations",Udita Samuels,"Deputy Director, Operations",Udita Samuels,"Deputy Director, Operations"
32bf52dfd4ba4d1b,373033,2016-03-11,Ugo Therien,"Director, Ministerial Service Communications",1,Ugo Therien,"Director, Ministerial Service Communications",Ugo Therien,Director,Ugo Therien,Director
32bf52dfd4ba4d1b,451979,2019-04-02,Ugo Therien,Director,1,Ugo Therien,Director,Ugo Therien,Director,Ugo Therien,Director
32bf52dfd4ba4d1b,461955,2019-08-20,Ugo Therien,Director,1,Ugo Therien,Director,Ugo Therien,Director,Ugo Therien,Director
32bf52dfd4ba4d1b,612895,2024-07-12,Ugo Therien,"Director General, Planning",1,Ugo Therien,"Director General, Planning",Ugo Therien,Director,Ugo Therien,Director
32bf52dfd4ba4d1b,628600,2025-01-10,Ugo Therien,Associate Director General,1,Ugo Therien,Associate Director General,Ugo Therien,Director,Ugo Therien,Director
0604ea10f93f4a39,161018,2010-08-22,Ujjal Dosanjh,Member of Parliament,1,Ujjal Dosanjh,Member of Parliament,Ujjal Dosanjh,Member of Parliament,Ujjal Dosanjh,Member of Parliament
0604ea10f93f4a39,157131,2010-09-23,Ujjal Dosanjh,"Health Critic, Official Opposition",1,Ujjal Dosanjh,"Health Critic, Official Opposition",Ujjal Dosanjh,Member of Parliament,Ujjal Dosanjh,Member of Parliament
0604ea10f93f4a39,156819,2010-09-28,Ujjal Dosanjh,Member of Parliament,1,Ujjal Dosanjh,Member of Parliament,Ujjal Dosanjh,Member of Parliament,Ujjal Dosanjh,Member of Parliament
0604ea10f93f4a39,158254,2010-10-05,Ujjal Dosanjh,Member of Parliament,1,Ujjal Dosanjh,Member of Parliament,Ujjal Dosanjh,Member of Parliament,Ujjal Dosanjh,Member of Parliament
0604ea10f93f4a39,159296,2010-10-05,Ujjal Dosanjh,Member of Parliament,1,Ujjal Dosanjh,Member of Parliament,Ujjal Dosanjh,Member of Parliament,Ujjal Dosanjh,Member of Parliament
0604ea10f93f4a39,156189,2010-10-06,Ujjal Dosanjh,Member of Parliament,1,Ujjal Dosanjh,Member of Parliament,Ujjal Dosanjh,Member of Parliament,Ujjal Dosanjh,Member of Parliament
0604ea10f93f4a39,156250,2010-10-06,Ujjal Dosanjh,Member of Parliament,1,Ujjal Dosanjh,Member of Parliament,Ujjal Dosanjh,Member of Parliament,Ujjal Dosanjh,Member of Parliament
0604ea10f93f4a39,159029,2010-10-18,Ujjal Dosanjh,Member of Parliament,1,Ujjal Dosanjh,Member of Parliament,Ujjal Dosanjh,Member of Parliament,Ujjal Dosanjh,Member of Parliament
0604ea10f93f4a39,159374,2010-11-04,Ujjal Dosanjh,Member of Parliament,1,Ujjal Dosanjh,Member of Parliament,Ujjal Dosanjh,Member of Parliament,Ujjal Dosanjh,Member of Parliament
0604ea10f93f4a39,160268,2010-11-17,Ujjal Dosanjh,Member of Parliament,1,Ujjal Dosanjh,Member of Parliament,Ujjal Dosanjh,Member of Parliament,Ujjal Dosanjh,Member of Parliament
0604ea10f93f4a39,161671,2010-11-24,Ujjal Dosanjh,Member of Parliament,1,Ujjal Dosanjh,Member of Parliament,Ujjal Dosanjh,Member of Parliament,Ujjal Dosanjh,Member of Parliament
0604ea10f93f4a39,162368,2010-11-30,Ujjal Dosanjh,Member of Parliament,1,Ujjal Dosanjh,Member of Parliament,Ujjal Dosanjh,Member of Parliament,Ujjal Dosanjh,Member of Parliament
0604ea10f93f4a39,163992,2010-12-06,Ujjal Dosanjh,Member of Parliament,1,Ujjal Dosanjh,Member of Parliament,Ujjal Dosanjh,Member of Parliament,Ujjal Dosanjh,Member of Parliament
0604ea10f93f4a39,161356,2010-12-07,Ujjal Dosanjh,Member of Parliament,1,Ujjal Dosanjh,Member of Parliament,Ujjal Dosanjh,Member of Parliament,Ujjal Dosanjh,Member of Parliament
0604ea10f93f4a39,163445,2010-12-07,Ujjal Dosanjh,Member of Parliament,1,Ujjal Dosanjh,Member of Parliament,Ujjal Dosanjh,Member of Parliament,Ujjal Dosanjh,Member of Parliament
0604ea10f93f4a39,164246,2010-12-07,Ujjal Dosanjh,Member of Parliament,1,Ujjal Dosanjh,Member of Parliament,Ujjal Dosanjh,Member of Parliament,Ujjal Dosanjh,Member of Parliament
0604ea10f93f4a39,162982,2010-12-08,Ujjal Dosanjh,Member of Parliament,1,Ujjal Dosanjh,Member of Parliament,Ujjal Dosanjh,Member of Parliament,Ujjal Dosanjh,Member of Parliament
0604ea10f93f4a39,163867,2010-12-09,Ujjal Dosanjh,Member of Parliament,1,Ujjal Dosanjh,Member of Parliament,Ujjal Dosanjh,Member of Parliament,Ujjal Dosanjh,Member of Parliament
0604ea10f93f4a39,163994,2010-12-09,Ujjal Dosanjh,Member of Parliament,1,Ujjal Dosanjh,Member of Parliament,Ujjal Dosanjh,Member of Parliament,Ujjal Dosanjh,Member of Parliament
0604ea10f93f4a39,162739,2010-12-14,Ujjal Dosanjh,Member of Parliament,1,Ujjal Dosanjh,Member of Parliament,Ujjal Dosanjh,Member of Parliament,Ujjal Dosanjh,Member of Parliament
0604ea10f93f4a39,163184,2010-12-14,Ujjal Dosanjh,Member of Parliament,1,Ujjal Dosanjh,Member of Parliament,Ujjal Dosanjh,Member of Parliament,Ujjal Dosanjh,Member of Parliament
0604ea10f93f4a39,164367,2010-12-14,Ujjal Dosanjh,Member of Parliament,1,Ujjal Dosanjh,Member of Parliament,Ujjal Dosanjh,Member of Parliament,Ujjal Dosanjh,Member of Parliament
0604ea10f93f4a39,165581,2011-02-01,Ujjal Dosanjh,Member of Parliament,1,Ujjal Dosanjh,Member of Parliament,Ujjal Dosanjh,Member of Parliament,Ujjal Dosanjh,Member of Parliament
0604ea10f93f4a39,165596,2011-02-01,Ujjal Dosanjh,Member of Parliament,1,Ujjal Dosanjh,Member of Parliament,Ujjal Dosanjh,Member of Parliament,Ujjal Dosanjh,Member of Parliament
0604ea10f93f4a39,169006,2011-02-01,Ujjal Dosanjh,Member of Parliament,1,Ujjal Dosanjh,Member of Parliament,Ujjal Dosanjh,Member of Parliament,Ujjal Dosanjh,Member of Parliament
0604ea10f93f4a39,173829,2011-02-02,Ujjal Dosanjh,Member of Parliament,1,Ujjal Dosanjh,Member of Parliament,Ujjal Dosanjh,Member of Parliament,Ujjal Dosanjh,Member of Parliament
0604ea10f93f4a39,167500,2011-02-08,Ujjal Dosanjh,Member of Parliament,1,Ujjal Dosanjh,Member of Parliament,Ujjal Dosanjh,Member of Parliament,Ujjal Dosanjh,Member of Parliament
0604ea10f93f4a39,165550,2011-02-09,Ujjal Dosanjh,Member of Parliament,1,Ujjal Dosanjh,Member of Parliament,Ujjal Dosanjh,Member of Parliament,Ujjal Dosanjh,Member of Parliament
0604ea10f93f4a39,166146,2011-02-14,Ujjal Dosanjh,Member,1,Ujjal Dosanjh,Member,Ujjal Dosanjh,Member of Parliament,Ujjal Dosanjh,Member of Parliament
0604ea10f93f4a39,166210,2011-02-14,Ujjal Dosanjh,Member of Parliament,1,Ujjal Dosanjh,Member of Parliament,Ujjal Dosanjh,Member of Parliament,Ujjal Dosanjh,Member of Parliament
0604ea10f93f4a39,167507,2011-02-14,Ujjal Dosanjh,Member of Parliament,1,Ujjal Dosanjh,Member of Parliament,Ujjal Dosanjh,Member of Parliament,Ujjal Dosanjh,Member of Parliament
0604ea10f93f4a39,166226,2011-02-16,Ujjal Dosanjh,Member of Parliament,1,Ujjal Dosanjh,Member of Parliament,Ujjal Dosanjh,Member of Parliament,Ujjal Dosanjh,Member of Parliament
0604ea10f93f4a39,166509,2011-02-17,Ujjal Dosanjh,Member of Parliament,1,Ujjal Dosanjh,Member of Parliament,Ujjal Dosanjh,Member of Parliament,Ujjal Dosanjh,Member of Parliament
0604ea10f93f4a39,167505,2011-03-03,Ujjal Dosanjh,Member of Parliament,1,Ujjal Dosanjh,Member of Parliament,Ujjal Dosanjh,Member of Parliament,Ujjal Dosanjh,Member of Parliament
0604ea10f93f4a39,168571,2011-03-03,Ujjal Dosanjh,Member of Parliament,1,Ujjal Dosanjh,Member of Parliament,Ujjal Dosanjh,Member of Parliament,Ujjal Dosanjh,Member of Parliament
0604ea10f93f4a39,169126,2011-03-03,Ujjal Dosanjh,Member of Parliament,1,Ujjal Dosanjh,Member of Parliament,Ujjal Dosanjh,Member of Parliament,Ujjal Dosanjh,Member of Parliament
0604ea10f93f4a39,169228,2011-03-03,Ujjal Dosanjh,Member of Parliament,1,Ujjal Dosanjh,Member of Parliament,Ujjal Dosanjh,Member of Parliament,Ujjal Dosanjh,Member of Parliament
0604ea10f93f4a39,153017,2010-07-15,Ujjal Dossanjh,Member of Parliament,1,Ujjal Dossanjh,Member of Parliament,Ujjal Dosanjh,Member of Parliament,Ujjal Dosanjh,Member of Parliament
28b529f1a6d54cb7,581376,2023-10-31,Umar Faruqui,Senior Policy Advisor,1,Umar Faruqui,Senior Policy Advisor,Umar Faruqui,Senior Policy Advisor,Umar Faruqui,Senior Policy Advisor
3a8c02ea883b45d8,465635,2020-02-11,ùmarie-France Lalonde,Member of Parliament,1,Umarie-france Lalonde,Member of Parliament,Umarie-france Lalonde,Member of Parliament,Umarie-france Lalonde,Member of Parliament
7acd7bfe886a451b,601395,2024-04-09,Umer Farooq  Farooq ,Policy Analyst,1,Umer Farooq Farooq,Policy Analyst,Umer Farooq Farooq,Policy Analyst,Umer Farooq Farooq,Policy Analyst
30e5097f9162449f,324507,2014-04-23,Umit Kiziltan,Director General,1,Umit Kiziltan,Director General,Umit Kiziltan,Director General,Umit Kiziltan,Director General
30e5097f9162449f,350564,2015-03-13,Umit Kiziltan,Director General,1,Umit Kiziltan,Director General,Umit Kiziltan,Director General,Umit Kiziltan,Director General
30e5097f9162449f,385506,2016-09-10,Umit Kiziltan,Assistant Deputy Minister,1,Umit Kiziltan,Assistant Deputy Minister,Umit Kiziltan,Director General,Umit Kiziltan,Director General
30e5097f9162449f,392575,2016-12-02,Umit Kiziltan,Director General,1,Umit Kiziltan,Director General,Umit Kiziltan,Director General,Umit Kiziltan,Director General
30e5097f9162449f,409197,2017-09-21,Umit Kiziltan,Director General,1,Umit Kiziltan,Director General,Umit Kiziltan,Director General,Umit Kiziltan,Director General
4bad87cdb1ad4970,631404,2025-02-14,Unknown Unknown,Unknown,1,Unknown Unknown,Unknown,Unknown Unknown,Unknown,Unknown Unknown,Unknown
0a20fb08c75347df,631715,2025-02-19,Unknow Unknown,Program Officer,1,Unknow Unknown,Program Officer,Unknow Unknown,Program Officer,Unknow Unknown,Program Officer
09f0e299ea9b4c5d,561349,2023-03-09,Unnati Vasavada,Manager,1,Unnati Vasavada,Manager,Unnati Vasavada,Manager,Unnati Vasavada,Manager
7f63d7b25aa24125,564815,2023-04-24,Urmi  Ray ,Program Officer,1,Urmi Ray,Program Officer,Urmi Ray,Program Officer,Urmi Ray,Program Officer
8ff43d3d9b964193,207291,2012-01-17,Ursula Beddoes,"Manager, Land Tenure",1,Ursula Beddoes,"Manager, Land Tenure",Ursula Beddoes,"Manager, Lands Tenure",Ursula Beddoes,"Manager, Lands Tenure"
8ff43d3d9b964193,256510,2013-01-15,Ursula Beddoes,"Manager, Lands Tenure",1,Ursula Beddoes,"Manager, Lands Tenure",Ursula Beddoes,"Manager, Lands Tenure",Ursula Beddoes,"Manager, Lands Tenure"
8ff43d3d9b964193,256511,2013-01-15,Ursula Beddoes,"Manager, Lands Tenure",1,Ursula Beddoes,"Manager, Lands Tenure",Ursula Beddoes,"Manager, Lands Tenure",Ursula Beddoes,"Manager, Lands Tenure"
7811b39ea1454b01,210167,2012-02-22,Ursula Gobel,Director,1,Ursula Gobel,Director,Ursula Gobel,Associate Vice President,Ursula Gobel,Associate Vice President
7811b39ea1454b01,349282,2015-02-12,Ursula Gobel,Associate Vice President,1,Ursula Gobel,Associate Vice President,Ursula Gobel,Associate Vice President,Ursula Gobel,Associate Vice President
7811b39ea1454b01,357756,2015-06-16,Ursula Gobel,Associate Vice President,1,Ursula Gobel,Associate Vice President,Ursula Gobel,Associate Vice President,Ursula Gobel,Associate Vice President
7811b39ea1454b01,368951,2016-01-20,Ursula Gobel,Associate Vice President,1,Ursula Gobel,Associate Vice President,Ursula Gobel,Associate Vice President,Ursula Gobel,Associate Vice President
7811b39ea1454b01,372465,2016-02-01,Ursula Gobel,"Associate Vice President, Future Challenges",1,Ursula Gobel,"Associate Vice President, Future Challenges",Ursula Gobel,Associate Vice President,Ursula Gobel,Associate Vice President
7811b39ea1454b01,379936,2016-05-31,Ursula Gobel,Associate Vice President,1,Ursula Gobel,Associate Vice President,Ursula Gobel,Associate Vice President,Ursula Gobel,Associate Vice President
7811b39ea1454b01,383773,2016-08-26,Ursula Gobel,Associate Vice President,1,Ursula Gobel,Associate Vice President,Ursula Gobel,Associate Vice President,Ursula Gobel,Associate Vice President
7811b39ea1454b01,429600,2017-10-03,Ursula Gobel,Associate Vice President,1,Ursula Gobel,Associate Vice President,Ursula Gobel,Associate Vice President,Ursula Gobel,Associate Vice President
7811b39ea1454b01,408815,2017-10-03,Ursula Gobel,"Associate Vice President, SSHRC Future Challenges Directorate",1,Ursula Gobel,"Associate Vice President, SSHRC Future Challenges Directorate",Ursula Gobel,Associate Vice President,Ursula Gobel,Associate Vice President
7811b39ea1454b01,417544,2017-12-15,Ursula Gobel,"Associate Vice President, Future Challenges",1,Ursula Gobel,"Associate Vice President, Future Challenges",Ursula Gobel,Associate Vice President,Ursula Gobel,Associate Vice President
7811b39ea1454b01,442418,2018-11-08,Ursula Gobel,"Vice President, Future Challenges",1,Ursula Gobel,"Vice President, Future Challenges",Ursula Gobel,Associate Vice President,Ursula Gobel,Associate Vice President
7811b39ea1454b01,448941,2019-03-08,Ursula Gobel,Associate Vice President,1,Ursula Gobel,Associate Vice President,Ursula Gobel,Associate Vice President,Ursula Gobel,Associate Vice President
7811b39ea1454b01,453004,2019-04-25,Ursula Gobel,"Associate Vice President, Future Challenges",1,Ursula Gobel,"Associate Vice President, Future Challenges",Ursula Gobel,Associate Vice President,Ursula Gobel,Associate Vice President
7811b39ea1454b01,454454,2019-05-31,Ursula Gobel,Associate Vice President,1,Ursula Gobel,Associate Vice President,Ursula Gobel,Associate Vice President,Ursula Gobel,Associate Vice President
7811b39ea1454b01,459492,2019-08-07,Ursula Gobel,Associate Vice President,1,Ursula Gobel,Associate Vice President,Ursula Gobel,Associate Vice President,Ursula Gobel,Associate Vice President
7811b39ea1454b01,462502,2019-12-05,Ursula Gobel,"Assistant Vice President, Future Challenges",1,Ursula Gobel,"Assistant Vice President, Future Challenges",Ursula Gobel,Associate Vice President,Ursula Gobel,Associate Vice President
7811b39ea1454b01,472165,2020-04-29,Ursula Gobel,Vice President,1,Ursula Gobel,Vice President,Ursula Gobel,Associate Vice President,Ursula Gobel,Associate Vice President
7811b39ea1454b01,479303,2020-07-15,Ursula Gobel,Vice President,1,Ursula Gobel,Vice President,Ursula Gobel,Associate Vice President,Ursula Gobel,Associate Vice President
7811b39ea1454b01,483182,2020-09-01,Ursula Gobel,Associate Vice President,1,Ursula Gobel,Associate Vice President,Ursula Gobel,Associate Vice President,Ursula Gobel,Associate Vice President
7811b39ea1454b01,481320,2020-09-03,Ursula Gobel,Associate Vice President,1,Ursula Gobel,Associate Vice President,Ursula Gobel,Associate Vice President,Ursula Gobel,Associate Vice President
7811b39ea1454b01,481324,2020-09-10,Ursula Gobel,Associate Vice President,1,Ursula Gobel,Associate Vice President,Ursula Gobel,Associate Vice President,Ursula Gobel,Associate Vice President
7811b39ea1454b01,488328,2020-10-21,Ursula Gobel,Associate Vice President,1,Ursula Gobel,Associate Vice President,Ursula Gobel,Associate Vice President,Ursula Gobel,Associate Vice President
7811b39ea1454b01,489723,2020-11-16,Ursula Gobel,"Vice President, Stakeholder Engagement and Advancement of Society",1,Ursula Gobel,"Vice President, Stakeholder Engagement and Advancement of Society",Ursula Gobel,Associate Vice President,Ursula Gobel,Associate Vice President
7811b39ea1454b01,490545,2020-11-20,Ursula Gobel,Vice President,1,Ursula Gobel,Vice President,Ursula Gobel,Associate Vice President,Ursula Gobel,Associate Vice President
7811b39ea1454b01,497663,2021-02-17,Ursula Gobel,"Vice President, Stakeholder Engagement and Advancement of Society",1,Ursula Gobel,"Vice President, Stakeholder Engagement and Advancement of Society",Ursula Gobel,Associate Vice President,Ursula Gobel,Associate Vice President
7811b39ea1454b01,509753,2021-06-29,Ursula Gobel,Vice President,1,Ursula Gobel,Vice President,Ursula Gobel,Associate Vice President,Ursula Gobel,Associate Vice President
7811b39ea1454b01,513689,2021-08-16,Ursula Gobel,Vice President,1,Ursula Gobel,Vice President,Ursula Gobel,Associate Vice President,Ursula Gobel,Associate Vice President
7811b39ea1454b01,530423,2022-04-14,Ursula Gobel,Vice President,1,Ursula Gobel,Vice President,Ursula Gobel,Associate Vice President,Ursula Gobel,Associate Vice President
7811b39ea1454b01,530426,2022-04-25,Ursula Gobel,Vice President,1,Ursula Gobel,Vice President,Ursula Gobel,Associate Vice President,Ursula Gobel,Associate Vice President
7811b39ea1454b01,546377,2022-10-17,Ursula Gobel,Vice President,1,Ursula Gobel,Vice President,Ursula Gobel,Associate Vice President,Ursula Gobel,Associate Vice President
7811b39ea1454b01,549890,2022-11-29,Ursula Gobel,Vice President,1,Ursula Gobel,Vice President,Ursula Gobel,Associate Vice President,Ursula Gobel,Associate Vice President
7811b39ea1454b01,559175,2023-02-09,Ursula Gobel,Vice President,1,Ursula Gobel,Vice President,Ursula Gobel,Associate Vice President,Ursula Gobel,Associate Vice President
7811b39ea1454b01,561913,2023-03-02,Ursula Gobel,"Vice President, Stakeholder Engagement and Advancement of Society",1,Ursula Gobel,"Vice President, Stakeholder Engagement and Advancement of Society",Ursula Gobel,Associate Vice President,Ursula Gobel,Associate Vice President
7811b39ea1454b01,568992,2023-05-30,Ursula Gobel,"Vice President, Stakeholder Engagement and Advancement of Society",1,Ursula Gobel,"Vice President, Stakeholder Engagement and Advancement of Society",Ursula Gobel,Associate Vice President,Ursula Gobel,Associate Vice President
7811b39ea1454b01,574177,2023-07-26,Ursula Gobel,"Vice President, Stakeholder Engagement and Advancement of Society",1,Ursula Gobel,"Vice President, Stakeholder Engagement and Advancement of Society",Ursula Gobel,Associate Vice President,Ursula Gobel,Associate Vice President
7811b39ea1454b01,588489,2023-11-29,Ursula Gobel,Vice President,1,Ursula Gobel,Vice President,Ursula Gobel,Associate Vice President,Ursula Gobel,Associate Vice President
7811b39ea1454b01,383359,2016-08-26,Ursula Goebel,Associate Vice President,1,Ursula Goebel,Associate Vice President,Ursula Goebel,Associate Vice President,Ursula Gobel,Associate Vice President
72a6d057973344dd,84987,2008-10-28,Ursula Menke,Commissioner,1,Ursula Menke,Commissioner,Ursula Menke,Commissioner,Ursula Menke,Commissioner
72a6d057973344dd,87542,2008-11-07,Ursula Menke,Commissioner,1,Ursula Menke,Commissioner,Ursula Menke,Commissioner,Ursula Menke,Commissioner
72a6d057973344dd,97424,2009-02-18,Ursula Menke,Commissioner,1,Ursula Menke,Commissioner,Ursula Menke,Commissioner,Ursula Menke,Commissioner
72a6d057973344dd,124602,2009-09-30,Ursula Menke,Commissioner,1,Ursula Menke,Commissioner,Ursula Menke,Commissioner,Ursula Menke,Commissioner
72a6d057973344dd,128254,2009-10-16,Ursula Menke,Commissioner,1,Ursula Menke,Commissioner,Ursula Menke,Commissioner,Ursula Menke,Commissioner
72a6d057973344dd,131816,2009-11-17,Ursula Menke,Commissioner,1,Ursula Menke,Commissioner,Ursula Menke,Commissioner,Ursula Menke,Commissioner
72a6d057973344dd,147541,2009-11-17,Ursula Menke,Commissioner,1,Ursula Menke,Commissioner,Ursula Menke,Commissioner,Ursula Menke,Commissioner
72a6d057973344dd,130297,2009-11-17,Ursula Menke,"Commissioner, Financial Consumer Agency of Canada",1,Ursula Menke,"Commissioner, Financial Consumer Agency of Canada",Ursula Menke,Commissioner,Ursula Menke,Commissioner
72a6d057973344dd,133314,2009-11-18,Ursula Menke,Commissioner,1,Ursula Menke,Commissioner,Ursula Menke,Commissioner,Ursula Menke,Commissioner
72a6d057973344dd,134894,2009-12-08,Ursula Menke,Commissioner,1,Ursula Menke,Commissioner,Ursula Menke,Commissioner,Ursula Menke,Commissioner
72a6d057973344dd,145843,2010-03-08,Ursula Menke,Commissioner,1,Ursula Menke,Commissioner,Ursula Menke,Commissioner,Ursula Menke,Commissioner
72a6d057973344dd,147796,2010-04-13,Ursula Menke,Commissioner,1,Ursula Menke,Commissioner,Ursula Menke,Commissioner,Ursula Menke,Commissioner
72a6d057973344dd,149139,2010-05-04,Ursula Menke,Commissioner,1,Ursula Menke,Commissioner,Ursula Menke,Commissioner,Ursula Menke,Commissioner
72a6d057973344dd,149161,2010-05-04,Ursula Menke,Commissioner,1,Ursula Menke,Commissioner,Ursula Menke,Commissioner,Ursula Menke,Commissioner
72a6d057973344dd,148218,2010-05-12,Ursula Menke,Commissioner,1,Ursula Menke,Commissioner,Ursula Menke,Commissioner,Ursula Menke,Commissioner
72a6d057973344dd,153571,2010-07-22,Ursula Menke,Commissioner,1,Ursula Menke,Commissioner,Ursula Menke,Commissioner,Ursula Menke,Commissioner
72a6d057973344dd,153560,2010-07-28,Ursula Menke,Commissioner,1,Ursula Menke,Commissioner,Ursula Menke,Commissioner,Ursula Menke,Commissioner
72a6d057973344dd,158207,2010-10-26,Ursula Menke,Commissioner,1,Ursula Menke,Commissioner,Ursula Menke,Commissioner,Ursula Menke,Commissioner
72a6d057973344dd,158562,2010-10-26,Ursula Menke,Commissioner,1,Ursula Menke,Commissioner,Ursula Menke,Commissioner,Ursula Menke,Commissioner
72a6d057973344dd,159151,2010-10-26,Ursula Menke,Commissioner,1,Ursula Menke,Commissioner,Ursula Menke,Commissioner,Ursula Menke,Commissioner
72a6d057973344dd,164765,2011-01-27,Ursula Menke,Commissioner,1,Ursula Menke,Commissioner,Ursula Menke,Commissioner,Ursula Menke,Commissioner
72a6d057973344dd,168008,2011-02-09,Ursula Menke,Commissioner,1,Ursula Menke,Commissioner,Ursula Menke,Commissioner,Ursula Menke,Commissioner
72a6d057973344dd,168958,2011-02-15,Ursula Menke,Commissioner,1,Ursula Menke,Commissioner,Ursula Menke,Commissioner,Ursula Menke,Commissioner
72a6d057973344dd,170438,2011-03-15,Ursula Menke,Commissioner,1,Ursula Menke,Commissioner,Ursula Menke,Commissioner,Ursula Menke,Commissioner
72a6d057973344dd,172976,2011-04-06,Ursula Menke,Commissioner,1,Ursula Menke,Commissioner,Ursula Menke,Commissioner,Ursula Menke,Commissioner
72a6d057973344dd,173617,2011-05-16,Ursula Menke,Commissioner,1,Ursula Menke,Commissioner,Ursula Menke,Commissioner,Ursula Menke,Commissioner
72a6d057973344dd,180864,2011-07-06,Ursula Menke,Commissioner,1,Ursula Menke,Commissioner,Ursula Menke,Commissioner,Ursula Menke,Commissioner
72a6d057973344dd,207206,2011-11-22,Ursula Menke,Commissioner,1,Ursula Menke,Commissioner,Ursula Menke,Commissioner,Ursula Menke,Commissioner
72a6d057973344dd,197439,2011-11-28,Ursula Menke,Commissioner,1,Ursula Menke,Commissioner,Ursula Menke,Commissioner,Ursula Menke,Commissioner
72a6d057973344dd,197988,2011-11-28,Ursula Menke,Commissioner,1,Ursula Menke,Commissioner,Ursula Menke,Commissioner,Ursula Menke,Commissioner
72a6d057973344dd,202229,2011-12-07,Ursula Menke,Commissioner,1,Ursula Menke,Commissioner,Ursula Menke,Commissioner,Ursula Menke,Commissioner
72a6d057973344dd,206823,2012-01-23,Ursula Menke,Commissioner,1,Ursula Menke,Commissioner,Ursula Menke,Commissioner,Ursula Menke,Commissioner
72a6d057973344dd,212503,2012-02-09,Ursula Menke,"Commissioner, Financial Consumer Agency of Canada",1,Ursula Menke,"Commissioner, Financial Consumer Agency of Canada",Ursula Menke,Commissioner,Ursula Menke,Commissioner
72a6d057973344dd,216809,2012-03-09,Ursula Menke,Commissioner,1,Ursula Menke,Commissioner,Ursula Menke,Commissioner,Ursula Menke,Commissioner
72a6d057973344dd,217513,2012-03-14,Ursula Menke,Commissioner,1,Ursula Menke,Commissioner,Ursula Menke,Commissioner,Ursula Menke,Commissioner
72a6d057973344dd,216889,2012-03-16,Ursula Menke,Commissioner,1,Ursula Menke,Commissioner,Ursula Menke,Commissioner,Ursula Menke,Commissioner
72a6d057973344dd,222947,2012-04-16,Ursula Menke,Commissioner,1,Ursula Menke,Commissioner,Ursula Menke,Commissioner,Ursula Menke,Commissioner
72a6d057973344dd,222948,2012-04-16,Ursula Menke,Commissioner,1,Ursula Menke,Commissioner,Ursula Menke,Commissioner,Ursula Menke,Commissioner
72a6d057973344dd,223054,2012-04-18,Ursula Menke,Commissioner,1,Ursula Menke,Commissioner,Ursula Menke,Commissioner,Ursula Menke,Commissioner
72a6d057973344dd,223933,2012-04-25,Ursula Menke,Commissioner,1,Ursula Menke,Commissioner,Ursula Menke,Commissioner,Ursula Menke,Commissioner
72a6d057973344dd,252251,2012-11-20,Ursula Menke,Commissioner,1,Ursula Menke,Commissioner,Ursula Menke,Commissioner,Ursula Menke,Commissioner
72a6d057973344dd,252250,2012-12-17,Ursula Menke,Commissioner,1,Ursula Menke,Commissioner,Ursula Menke,Commissioner,Ursula Menke,Commissioner
72a6d057973344dd,263230,2013-02-12,Ursula Menke,Commissioner,1,Ursula Menke,Commissioner,Ursula Menke,Commissioner,Ursula Menke,Commissioner
72a6d057973344dd,263455,2013-02-28,Ursula Menke,Commissioner,1,Ursula Menke,Commissioner,Ursula Menke,Commissioner,Ursula Menke,Commissioner
72a6d057973344dd,278789,2013-05-14,Ursula Menke,Commissioner,1,Ursula Menke,Commissioner,Ursula Menke,Commissioner,Ursula Menke,Commissioner
72a6d057973344dd,211275,2012-02-09,URSULA MENKE,Commissioner,1,Ursula Menke,Commissioner,Ursula Menke,Commissioner,Ursula Menke,Commissioner
72a6d057973344dd,167676,2011-02-15,Ursula Menkes,Commissioner,1,Ursula Menkes,Commissioner,Ursula Menke,Commissioner,Ursula Menke,Commissioner
72a6d057973344dd,173086,2011-05-17,Ursula Menkes,Commissioner,1,Ursula Menkes,Commissioner,Ursula Menke,Commissioner,Ursula Menke,Commissioner
72a6d057973344dd,173188,2011-05-17,Ursula Menkes,Commissioner,1,Ursula Menkes,Commissioner,Ursula Menke,Commissioner,Ursula Menke,Commissioner
40239e098d6c4c5f,636881,2025-05-28,Ursula Polack,Senior Advisor,1,Ursula Polack,Senior Advisor,Ursula Polack,Senior Advisor,Ursula Polack,Senior Advisor
72a6d057973344dd,162027,2010-11-04,Ursule Menke,Commissioner,1,Ursule Menke,Commissioner,Ursula Menke,Commissioner,Ursula Menke,Commissioner
72a6d057973344dd,132290,2009-11-17,Urusla Menke,Commissioner,1,Urusla Menke,Commissioner,Ursula Menke,Commissioner,Ursula Menke,Commissioner
72a6d057973344dd,132293,2009-11-18,Urusla Menke,Commissioner,1,Urusla Menke,Commissioner,Ursula Menke,Commissioner,Ursula Menke,Commissioner
a8139a57ea9a42c8,278021,2013-06-06,Urvashi Dhawan-Biswal,Director,1,Urvashi Dhawan-biswal,Director,Urvashi Dhawan-biswal,Executive Director,Urvashi Dhawan-biswal,Executive Director
a8139a57ea9a42c8,543642,2022-09-01,Urvashi Dhawan-Biswal,Executive Director,1,Urvashi Dhawan-biswal,Executive Director,Urvashi Dhawan-biswal,Executive Director,Urvashi Dhawan-biswal,Executive Director
a8139a57ea9a42c8,579565,2023-09-14,Urvashi Dhawan-Biswal,Executive Director,1,Urvashi Dhawan-biswal,Executive Director,Urvashi Dhawan-biswal,Executive Director,Urvashi Dhawan-biswal,Executive Director
a2327469a29a45fa,482391,2020-08-31,Usha Mulukutla,Environment Technical Specialist,1,Usha Mulukutla,Environment Technical Specialist,Usha Mulukutla,Environment Technical Specialist,Usha Mulukutla,Environment Technical Specialist
fbff641876394e60,572104,2023-06-06,Ute Holweger,"Senior Advisor, Water Strategies",1,Ute Holweger,"Senior Advisor, Water Strategies",Ute Holweger,"Senior Advisor, Water Strategies",Ute Holweger,"Senior Advisor, Water Strategies"
fbff641876394e60,600997,2024-03-14,Ute Holweger,Acting Executive Director,1,Ute Holweger,Acting Executive Director,Ute Holweger,"Senior Advisor, Water Strategies",Ute Holweger,"Senior Advisor, Water Strategies"
fbff641876394e60,606760,2024-06-04,Ute Holweger,"Senior Advisor, Water Strategies",1,Ute Holweger,"Senior Advisor, Water Strategies",Ute Holweger,"Senior Advisor, Water Strategies",Ute Holweger,"Senior Advisor, Water Strategies"
fbff641876394e60,621407,2024-10-01,Ute Holweger,"Senior Advisor, Water Strategies",1,Ute Holweger,"Senior Advisor, Water Strategies",Ute Holweger,"Senior Advisor, Water Strategies",Ute Holweger,"Senior Advisor, Water Strategies"
fbff641876394e60,617742,2024-10-07,Ute Holweger,"Senior Advisor, Water Strategies",1,Ute Holweger,"Senior Advisor, Water Strategies",Ute Holweger,"Senior Advisor, Water Strategies",Ute Holweger,"Senior Advisor, Water Strategies"
fbff641876394e60,621420,2024-10-23,Ute Holweger,"Senior Advisor, Water Strategies",1,Ute Holweger,"Senior Advisor, Water Strategies",Ute Holweger,"Senior Advisor, Water Strategies",Ute Holweger,"Senior Advisor, Water Strategies"
fbff641876394e60,631044,2025-01-09,Ute Holweger,Acting Assistant Deputy Minister,1,Ute Holweger,Acting Assistant Deputy Minister,Ute Holweger,"Senior Advisor, Water Strategies",Ute Holweger,"Senior Advisor, Water Strategies"
fbff641876394e60,636827,2025-06-10,Ute Holweger,"Manager, Water Strategies",1,Ute Holweger,"Manager, Water Strategies",Ute Holweger,"Senior Advisor, Water Strategies",Ute Holweger,"Senior Advisor, Water Strategies"
6f5929e1689d415d,625905,2024-11-05,Uthman Lebbe Mohammed Jauhar,"High Commissioner, Democratic Socialist Republic of Sri Lanka",1,Uthman Lebbe Mohammed Jauhar,"High Commissioner, Democratic Socialist Republic of Sri Lanka",Uthman Lebbe Mohammed Jauhar,"High Commissioner, Democratic Socialist Republic of Sri Lanka",Uthman Lebbe Mohammed Jauhar,"High Commissioner, Democratic Socialist Republic of Sri Lanka"
66e886cf825d4d9f,612155,2023-09-28,Uttara Chauhan,Director General,1,Uttara Chauhan,Director General,Uttara Chauhan,Director General,Uttara Chauhan,Director General
66e886cf825d4d9f,577596,2023-10-03,Uttara Chauhan,Director General,1,Uttara Chauhan,Director General,Uttara Chauhan,Director General,Uttara Chauhan,Director General
01b4821e18d44b8f,472946,2020-04-07,Uyen Hoang,Chief of Staff,1,Uyen Hoang,Chief of Staff,Uyen Hoang,Chief of Staff,Uyen Hoang,Chief of Staff
aa5e04b90eb8456d,581364,2023-11-02,Uzair Muhammad,Policy Advisor,1,Uzair Muhammad,Policy Advisor,Uzair Muhammad,Policy Advisor,Uzair Muhammad,Policy Advisor
