comlog_id,dates,dpoh_name_raw,gpt_superclean_title,count,CleanName_version1,CleanTitle_version1,CleanName_version2,CleanTitle_version2,CleanName_version3,CleanTitle_version3
419100,2018-02-06,Mr. Xavier Barsalou-Duval,Member of Parliament,1,Xavier Barsalou-duval,Member of Parliament,Xavier Barsalou-duval,Member of Parliament,Xavier Barsalou-duval,Member of Parliament
489523,2020-11-20,Xavier Barsalou-Duva,Member of Parliament,1,Xavier Barsalou-duva,Member of Parliament,Xavier Barsalou-duval,Member of Parliament,Xavier Barsalou-duval,Member of Parliament
497814,2021-02-19,Xavier Barsalou-Duva,Member of Parliament,1,Xavier Barsalou-duva,Member of Parliament,Xavier Barsalou-duval,Member of Parliament,Xavier Barsalou-duval,Member of Parliament
537952,2022-07-11,Xavier  Barsalou-Duval,Member of Parliament,1,Xavier Barsalou-duval,Member of Parliament,Xavier Barsalou-duval,Member of Parliament,Xavier Barsalou-duval,Member of Parliament
605420,2024-05-22,Xavier  Barsalou-Duval,Member of Parliament,1,Xavier Barsalou-duval,Member of Parliament,Xavier Barsalou-duval,Member of Parliament,Xavier Barsalou-duval,Member of Parliament
415655,2017-11-27,Xavier Barsalou Duval,Member of Parliament,1,Xavier Barsalou Duval,Member of Parliament,Xavier Barsalou-duval,Member of Parliament,Xavier Barsalou-duval,Member of Parliament
428849,2018-05-30,Xavier Barsalou Duval,Member of Parliament,1,Xavier Barsalou Duval,Member of Parliament,Xavier Barsalou-duval,Member of Parliament,Xavier Barsalou-duval,Member of Parliament
475171,2020-05-07,Xavier Barsalou Duval,Member of Parliament,1,Xavier Barsalou Duval,Member of Parliament,Xavier Barsalou-duval,Member of Parliament,Xavier Barsalou-duval,Member of Parliament
476035,2020-05-07,Xavier Barsalou Duval,Member of Parliament,1,Xavier Barsalou Duval,Member of Parliament,Xavier Barsalou-duval,Member of Parliament,Xavier Barsalou-duval,Member of Parliament
476074,2020-05-07,Xavier Barsalou Duval,Member of Parliament,1,Xavier Barsalou Duval,Member of Parliament,Xavier Barsalou-duval,Member of Parliament,Xavier Barsalou-duval,Member of Parliament
488455,2020-11-10,Xavier Barsalou Duval,Member of Parliament,1,Xavier Barsalou Duval,Member of Parliament,Xavier Barsalou-duval,Member of Parliament,Xavier Barsalou-duval,Member of Parliament
498423,2021-02-08,Xavier Barsalou Duval,Member of Parliament,1,Xavier Barsalou Duval,Member of Parliament,Xavier Barsalou-duval,Member of Parliament,Xavier Barsalou-duval,Member of Parliament
498836,2021-02-08,Xavier Barsalou Duval,Member of Parliament,1,Xavier Barsalou Duval,Member of Parliament,Xavier Barsalou-duval,Member of Parliament,Xavier Barsalou-duval,Member of Parliament
370354,2016-02-02,Xavier Barsalou-Duval,Member of Parliament,1,Xavier Barsalou-duval,Member of Parliament,Xavier Barsalou-duval,Member of Parliament,Xavier Barsalou-duval,Member of Parliament
372277,2016-02-02,Xavier Barsalou-Duval,Member of Parliament,1,Xavier Barsalou-duval,Member of Parliament,Xavier Barsalou-duval,Member of Parliament,Xavier Barsalou-duval,Member of Parliament
370011,2016-02-17,Xavier Barsalou-Duval,Member of Parliament,1,Xavier Barsalou-duval,Member of Parliament,Xavier Barsalou-duval,Member of Parliament,Xavier Barsalou-duval,Member of Parliament
384756,2016-09-21,Xavier Barsalou-Duval,Member of Parliament,1,Xavier Barsalou-duval,Member of Parliament,Xavier Barsalou-duval,Member of Parliament,Xavier Barsalou-duval,Member of Parliament
386086,2016-10-18,Xavier Barsalou-Duval,Member of Parliament,1,Xavier Barsalou-duval,Member of Parliament,Xavier Barsalou-duval,Member of Parliament,Xavier Barsalou-duval,Member of Parliament
395257,2017-02-07,Xavier Barsalou-Duval,Member of Parliament,1,Xavier Barsalou-duval,Member of Parliament,Xavier Barsalou-duval,Member of Parliament,Xavier Barsalou-duval,Member of Parliament
400284,2017-04-03,Xavier Barsalou-Duval,Member of Parliament,1,Xavier Barsalou-duval,Member of Parliament,Xavier Barsalou-duval,Member of Parliament,Xavier Barsalou-duval,Member of Parliament
414759,2017-11-29,Xavier Barsalou-Duval,Member of Parliament,1,Xavier Barsalou-duval,Member of Parliament,Xavier Barsalou-duval,Member of Parliament,Xavier Barsalou-duval,Member of Parliament
417206,2017-11-29,Xavier Barsalou-Duval,Member of Parliament,1,Xavier Barsalou-duval,Member of Parliament,Xavier Barsalou-duval,Member of Parliament,Xavier Barsalou-duval,Member of Parliament
418478,2018-01-23,Xavier Barsalou-Duval,Member of Parliament,1,Xavier Barsalou-duval,Member of Parliament,Xavier Barsalou-duval,Member of Parliament,Xavier Barsalou-duval,Member of Parliament
421433,2018-02-02,Xavier Barsalou-Duval,Member of Parliament,1,Xavier Barsalou-duval,Member of Parliament,Xavier Barsalou-duval,Member of Parliament,Xavier Barsalou-duval,Member of Parliament
420186,2018-02-06,Xavier Barsalou-Duval,Member of Parliament,1,Xavier Barsalou-duval,Member of Parliament,Xavier Barsalou-duval,Member of Parliament,Xavier Barsalou-duval,Member of Parliament
421181,2018-02-06,Xavier Barsalou-Duval,Member of Parliament,1,Xavier Barsalou-duval,Member of Parliament,Xavier Barsalou-duval,Member of Parliament,Xavier Barsalou-duval,Member of Parliament
421884,2018-02-06,Xavier Barsalou-Duval,Member of Parliament,1,Xavier Barsalou-duval,Member of Parliament,Xavier Barsalou-duval,Member of Parliament,Xavier Barsalou-duval,Member of Parliament
422895,2018-02-06,Xavier Barsalou-Duval,Member of Parliament,1,Xavier Barsalou-duval,Member of Parliament,Xavier Barsalou-duval,Member of Parliament,Xavier Barsalou-duval,Member of Parliament
420707,2018-02-15,Xavier Barsalou-Duval,Member of Parliament,1,Xavier Barsalou-duval,Member of Parliament,Xavier Barsalou-duval,Member of Parliament,Xavier Barsalou-duval,Member of Parliament
420977,2018-02-15,Xavier Barsalou-Duval,Member of Parliament,1,Xavier Barsalou-duval,Member of Parliament,Xavier Barsalou-duval,Member of Parliament,Xavier Barsalou-duval,Member of Parliament
421448,2018-02-16,Xavier Barsalou-Duval,Member of Parliament,1,Xavier Barsalou-duval,Member of Parliament,Xavier Barsalou-duval,Member of Parliament,Xavier Barsalou-duval,Member of Parliament
431441,2018-04-24,Xavier Barsalou-Duval,Member of Parliament,1,Xavier Barsalou-duval,Member of Parliament,Xavier Barsalou-duval,Member of Parliament,Xavier Barsalou-duval,Member of Parliament
426764,2018-05-08,Xavier Barsalou-Duval,Member of Parliament,1,Xavier Barsalou-duval,Member of Parliament,Xavier Barsalou-duval,Member of Parliament,Xavier Barsalou-duval,Member of Parliament
432892,2018-05-08,Xavier Barsalou-Duval,Member of Parliament,1,Xavier Barsalou-duval,Member of Parliament,Xavier Barsalou-duval,Member of Parliament,Xavier Barsalou-duval,Member of Parliament
431910,2018-07-13,Xavier Barsalou-Duval,Member of Parliament,1,Xavier Barsalou-duval,Member of Parliament,Xavier Barsalou-duval,Member of Parliament,Xavier Barsalou-duval,Member of Parliament
432855,2018-08-22,Xavier Barsalou-Duval,Member of Parliament,1,Xavier Barsalou-duval,Member of Parliament,Xavier Barsalou-duval,Member of Parliament,Xavier Barsalou-duval,Member of Parliament
436314,2018-10-16,Xavier Barsalou-Duval,Member of Parliament,1,Xavier Barsalou-duval,Member of Parliament,Xavier Barsalou-duval,Member of Parliament,Xavier Barsalou-duval,Member of Parliament
440082,2018-10-23,Xavier Barsalou-Duval,Member of Parliament,1,Xavier Barsalou-duval,Member of Parliament,Xavier Barsalou-duval,Member of Parliament,Xavier Barsalou-duval,Member of Parliament
446894,2018-10-23,Xavier Barsalou-Duval,Member of Parliament,1,Xavier Barsalou-duval,Member of Parliament,Xavier Barsalou-duval,Member of Parliament,Xavier Barsalou-duval,Member of Parliament
451802,2019-04-03,Xavier Barsalou-Duval,Member of Parliament,1,Xavier Barsalou-duval,Member of Parliament,Xavier Barsalou-duval,Member of Parliament,Xavier Barsalou-duval,Member of Parliament
451905,2019-04-03,Xavier Barsalou-Duval,Member of Parliament,1,Xavier Barsalou-duval,Member of Parliament,Xavier Barsalou-duval,Member of Parliament,Xavier Barsalou-duval,Member of Parliament
449618,2019-04-09,Xavier Barsalou-Duval,Member of Parliament,1,Xavier Barsalou-duval,Member of Parliament,Xavier Barsalou-duval,Member of Parliament,Xavier Barsalou-duval,Member of Parliament
450992,2019-04-09,Xavier Barsalou-Duval,Member of Parliament,1,Xavier Barsalou-duval,Member of Parliament,Xavier Barsalou-duval,Member of Parliament,Xavier Barsalou-duval,Member of Parliament
454058,2019-05-28,Xavier Barsalou-Duval,Member of Parliament,1,Xavier Barsalou-duval,Member of Parliament,Xavier Barsalou-duval,Member of Parliament,Xavier Barsalou-duval,Member of Parliament
462595,2019-12-09,Xavier Barsalou-Duval,Member of Parliament,1,Xavier Barsalou-duval,Member of Parliament,Xavier Barsalou-duval,Member of Parliament,Xavier Barsalou-duval,Member of Parliament
466908,2020-02-20,Xavier Barsalou-Duval,Member of Parliament,1,Xavier Barsalou-duval,Member of Parliament,Xavier Barsalou-duval,Member of Parliament,Xavier Barsalou-duval,Member of Parliament
468698,2020-02-20,Xavier Barsalou-Duval,Member of Parliament,1,Xavier Barsalou-duval,Member of Parliament,Xavier Barsalou-duval,Member of Parliament,Xavier Barsalou-duval,Member of Parliament
465795,2020-02-25,Xavier Barsalou-Duval,Member of Parliament,1,Xavier Barsalou-duval,Member of Parliament,Xavier Barsalou-duval,Member of Parliament,Xavier Barsalou-duval,Member of Parliament
466559,2020-02-25,Xavier Barsalou-Duval,Member of Parliament,1,Xavier Barsalou-duval,Member of Parliament,Xavier Barsalou-duval,Member of Parliament,Xavier Barsalou-duval,Member of Parliament
468354,2020-02-27,Xavier Barsalou-Duval,Member of Parliament,1,Xavier Barsalou-duval,Member of Parliament,Xavier Barsalou-duval,Member of Parliament,Xavier Barsalou-duval,Member of Parliament
466592,2020-03-10,Xavier Barsalou-Duval,Member,1,Xavier Barsalou-duval,Member,Xavier Barsalou-duval,Member of Parliament,Xavier Barsalou-duval,Member of Parliament
468998,2020-03-16,Xavier Barsalou-Duval,Member of Parliament,1,Xavier Barsalou-duval,Member of Parliament,Xavier Barsalou-duval,Member of Parliament,Xavier Barsalou-duval,Member of Parliament
475730,2020-05-22,Xavier Barsalou-Duval,Member of Parliament,1,Xavier Barsalou-duval,Member of Parliament,Xavier Barsalou-duval,Member of Parliament,Xavier Barsalou-duval,Member of Parliament
474185,2020-05-29,Xavier Barsalou-Duval,Member of Parliament,1,Xavier Barsalou-duval,Member of Parliament,Xavier Barsalou-duval,Member of Parliament,Xavier Barsalou-duval,Member of Parliament
476487,2020-06-01,Xavier Barsalou-Duval,Member of Parliament,1,Xavier Barsalou-duval,Member of Parliament,Xavier Barsalou-duval,Member of Parliament,Xavier Barsalou-duval,Member of Parliament
479402,2020-07-03,Xavier Barsalou-Duval,Member of Parliament,1,Xavier Barsalou-duval,Member of Parliament,Xavier Barsalou-duval,Member of Parliament,Xavier Barsalou-duval,Member of Parliament
480722,2020-08-25,Xavier Barsalou-Duval,Member of Parliament,1,Xavier Barsalou-duval,Member of Parliament,Xavier Barsalou-duval,Member of Parliament,Xavier Barsalou-duval,Member of Parliament
480815,2020-08-25,Xavier Barsalou-Duval,Member of Parliament,1,Xavier Barsalou-duval,Member of Parliament,Xavier Barsalou-duval,Member of Parliament,Xavier Barsalou-duval,Member of Parliament
484140,2020-09-17,Xavier Barsalou-Duval,Member of Parliament,1,Xavier Barsalou-duval,Member of Parliament,Xavier Barsalou-duval,Member of Parliament,Xavier Barsalou-duval,Member of Parliament
487138,2020-09-17,Xavier Barsalou-Duval,Member of Parliament,1,Xavier Barsalou-duval,Member of Parliament,Xavier Barsalou-duval,Member of Parliament,Xavier Barsalou-duval,Member of Parliament
482687,2020-09-18,Xavier Barsalou-Duval,Member of Parliament,1,Xavier Barsalou-duval,Member of Parliament,Xavier Barsalou-duval,Member of Parliament,Xavier Barsalou-duval,Member of Parliament
482783,2020-09-21,Xavier Barsalou-Duval,Member of Parliament,1,Xavier Barsalou-duval,Member of Parliament,Xavier Barsalou-duval,Member of Parliament,Xavier Barsalou-duval,Member of Parliament
484197,2020-09-30,Xavier Barsalou-Duval,Member of Parliament,1,Xavier Barsalou-duval,Member of Parliament,Xavier Barsalou-duval,Member of Parliament,Xavier Barsalou-duval,Member of Parliament
488315,2020-10-27,Xavier Barsalou-Duval,Member of Parliament,1,Xavier Barsalou-duval,Member of Parliament,Xavier Barsalou-duval,Member of Parliament,Xavier Barsalou-duval,Member of Parliament
487349,2020-11-12,Xavier Barsalou-Duval,"Spokesperson, Transport",1,Xavier Barsalou-duval,"Spokesperson, Transport",Xavier Barsalou-duval,Member of Parliament,Xavier Barsalou-duval,Member of Parliament
487365,2020-11-12,Xavier Barsalou-Duval,"Spokesperson, Transport",1,Xavier Barsalou-duval,"Spokesperson, Transport",Xavier Barsalou-duval,Member of Parliament,Xavier Barsalou-duval,Member of Parliament
489788,2020-11-13,Xavier Barsalou-Duval,Member of Parliament,1,Xavier Barsalou-duval,Member of Parliament,Xavier Barsalou-duval,Member of Parliament,Xavier Barsalou-duval,Member of Parliament
490022,2020-11-13,Xavier Barsalou-Duval,Member of Parliament,1,Xavier Barsalou-duval,Member of Parliament,Xavier Barsalou-duval,Member of Parliament,Xavier Barsalou-duval,Member of Parliament
494897,2021-01-12,Xavier Barsalou-Duval,Member of Parliament,1,Xavier Barsalou-duval,Member of Parliament,Xavier Barsalou-duval,Member of Parliament,Xavier Barsalou-duval,Member of Parliament
497142,2021-02-26,Xavier Barsalou-Duval,Member of Parliament,1,Xavier Barsalou-duval,Member of Parliament,Xavier Barsalou-duval,Member of Parliament,Xavier Barsalou-duval,Member of Parliament
501031,2021-03-15,Xavier Barsalou-Duval,Member of Parliament,1,Xavier Barsalou-duval,Member of Parliament,Xavier Barsalou-duval,Member of Parliament,Xavier Barsalou-duval,Member of Parliament
507020,2021-05-10,Xavier Barsalou-Duval,Member of Parliament,1,Xavier Barsalou-duval,Member of Parliament,Xavier Barsalou-duval,Member of Parliament,Xavier Barsalou-duval,Member of Parliament
508748,2021-05-21,Xavier Barsalou-Duval,Member of Parliament,1,Xavier Barsalou-duval,Member of Parliament,Xavier Barsalou-duval,Member of Parliament,Xavier Barsalou-duval,Member of Parliament
513624,2021-06-07,Xavier Barsalou-Duval,Member of Parliament,1,Xavier Barsalou-duval,Member of Parliament,Xavier Barsalou-duval,Member of Parliament,Xavier Barsalou-duval,Member of Parliament
513455,2021-08-16,Xavier Barsalou-Duval,Member of Parliament,1,Xavier Barsalou-duval,Member of Parliament,Xavier Barsalou-duval,Member of Parliament,Xavier Barsalou-duval,Member of Parliament
517826,2021-12-14,Xavier Barsalou-Duval,Member of Parliament,1,Xavier Barsalou-duval,Member of Parliament,Xavier Barsalou-duval,Member of Parliament,Xavier Barsalou-duval,Member of Parliament
522579,2022-01-21,Xavier Barsalou-Duval,Member of Parliament,1,Xavier Barsalou-duval,Member of Parliament,Xavier Barsalou-duval,Member of Parliament,Xavier Barsalou-duval,Member of Parliament
522541,2022-01-27,Xavier Barsalou-Duval,Member of Parliament,1,Xavier Barsalou-duval,Member of Parliament,Xavier Barsalou-duval,Member of Parliament,Xavier Barsalou-duval,Member of Parliament
521522,2022-02-08,Xavier Barsalou-Duval,Member of Parliament,1,Xavier Barsalou-duval,Member of Parliament,Xavier Barsalou-duval,Member of Parliament,Xavier Barsalou-duval,Member of Parliament
529659,2022-03-11,Xavier Barsalou-Duval,Member of Parliament,1,Xavier Barsalou-duval,Member of Parliament,Xavier Barsalou-duval,Member of Parliament,Xavier Barsalou-duval,Member of Parliament
527515,2022-03-15,Xavier Barsalou-Duval,Member of Parliament,1,Xavier Barsalou-duval,Member of Parliament,Xavier Barsalou-duval,Member of Parliament,Xavier Barsalou-duval,Member of Parliament
527540,2022-03-15,Xavier Barsalou-Duval,Member of Parliament,1,Xavier Barsalou-duval,Member of Parliament,Xavier Barsalou-duval,Member of Parliament,Xavier Barsalou-duval,Member of Parliament
529799,2022-03-17,Xavier Barsalou-Duval,Member of Parliament,1,Xavier Barsalou-duval,Member of Parliament,Xavier Barsalou-duval,Member of Parliament,Xavier Barsalou-duval,Member of Parliament
537295,2022-05-25,Xavier Barsalou-Duval,Member of Parliament,1,Xavier Barsalou-duval,Member of Parliament,Xavier Barsalou-duval,Member of Parliament,Xavier Barsalou-duval,Member of Parliament
537296,2022-05-25,Xavier Barsalou-Duval,Member of Parliament,1,Xavier Barsalou-duval,Member of Parliament,Xavier Barsalou-duval,Member of Parliament,Xavier Barsalou-duval,Member of Parliament
536592,2022-06-07,Xavier Barsalou-Duval,Member of Parliament,1,Xavier Barsalou-duval,Member of Parliament,Xavier Barsalou-duval,Member of Parliament,Xavier Barsalou-duval,Member of Parliament
538428,2022-06-30,Xavier Barsalou-Duval,Member of Parliament,1,Xavier Barsalou-duval,Member of Parliament,Xavier Barsalou-duval,Member of Parliament,Xavier Barsalou-duval,Member of Parliament
542402,2022-09-21,Xavier Barsalou-Duval,Member of Parliament,1,Xavier Barsalou-duval,Member of Parliament,Xavier Barsalou-duval,Member of Parliament,Xavier Barsalou-duval,Member of Parliament
542308,2022-09-23,Xavier Barsalou-Duval,Member of Parliament,1,Xavier Barsalou-duval,Member of Parliament,Xavier Barsalou-duval,Member of Parliament,Xavier Barsalou-duval,Member of Parliament
544402,2022-10-06,Xavier Barsalou-Duval,Member of Parliament,1,Xavier Barsalou-duval,Member of Parliament,Xavier Barsalou-duval,Member of Parliament,Xavier Barsalou-duval,Member of Parliament
547918,2022-10-07,Xavier Barsalou-Duval,Member of Parliament,1,Xavier Barsalou-duval,Member of Parliament,Xavier Barsalou-duval,Member of Parliament,Xavier Barsalou-duval,Member of Parliament
546590,2022-10-18,Xavier Barsalou-Duval,Member of Parliament,1,Xavier Barsalou-duval,Member of Parliament,Xavier Barsalou-duval,Member of Parliament,Xavier Barsalou-duval,Member of Parliament
545333,2022-10-19,Xavier Barsalou-Duval,Member of Parliament,1,Xavier Barsalou-duval,Member of Parliament,Xavier Barsalou-duval,Member of Parliament,Xavier Barsalou-duval,Member of Parliament
547549,2022-10-20,Xavier Barsalou-Duval,Member of Parliament,1,Xavier Barsalou-duval,Member of Parliament,Xavier Barsalou-duval,Member of Parliament,Xavier Barsalou-duval,Member of Parliament
546408,2022-11-02,Xavier Barsalou-Duval,Member of Parliament,1,Xavier Barsalou-duval,Member of Parliament,Xavier Barsalou-duval,Member of Parliament,Xavier Barsalou-duval,Member of Parliament
548085,2022-11-02,Xavier Barsalou-Duval,Member of Parliament,1,Xavier Barsalou-duval,Member of Parliament,Xavier Barsalou-duval,Member of Parliament,Xavier Barsalou-duval,Member of Parliament
552306,2022-11-02,Xavier Barsalou-Duval,Member of Parliament,1,Xavier Barsalou-duval,Member of Parliament,Xavier Barsalou-duval,Member of Parliament,Xavier Barsalou-duval,Member of Parliament
548195,2022-11-15,Xavier Barsalou-Duval,Member of Parliament,1,Xavier Barsalou-duval,Member of Parliament,Xavier Barsalou-duval,Member of Parliament,Xavier Barsalou-duval,Member of Parliament
548672,2022-11-23,Xavier Barsalou-Duval,Member of Parliament,1,Xavier Barsalou-duval,Member of Parliament,Xavier Barsalou-duval,Member of Parliament,Xavier Barsalou-duval,Member of Parliament
548912,2022-11-29,Xavier Barsalou-Duval,Member of Parliament,1,Xavier Barsalou-duval,Member of Parliament,Xavier Barsalou-duval,Member of Parliament,Xavier Barsalou-duval,Member of Parliament
550668,2022-11-29,Xavier Barsalou-Duval,Member of Parliament,1,Xavier Barsalou-duval,Member of Parliament,Xavier Barsalou-duval,Member of Parliament,Xavier Barsalou-duval,Member of Parliament
553699,2022-12-08,Xavier Barsalou-Duval,Member of Parliament,1,Xavier Barsalou-duval,Member of Parliament,Xavier Barsalou-duval,Member of Parliament,Xavier Barsalou-duval,Member of Parliament
554802,2023-01-26,Xavier Barsalou-Duval,Member of Parliament,1,Xavier Barsalou-duval,Member of Parliament,Xavier Barsalou-duval,Member of Parliament,Xavier Barsalou-duval,Member of Parliament
557965,2023-02-07,Xavier Barsalou-Duval,Member of Parliament,1,Xavier Barsalou-duval,Member of Parliament,Xavier Barsalou-duval,Member of Parliament,Xavier Barsalou-duval,Member of Parliament
557874,2023-02-13,Xavier Barsalou-Duval,Member of Parliament,1,Xavier Barsalou-duval,Member of Parliament,Xavier Barsalou-duval,Member of Parliament,Xavier Barsalou-duval,Member of Parliament
560711,2023-03-21,Xavier Barsalou-Duval,Member of Parliament,1,Xavier Barsalou-duval,Member of Parliament,Xavier Barsalou-duval,Member of Parliament,Xavier Barsalou-duval,Member of Parliament
561434,2023-03-21,Xavier Barsalou-Duval,Member of Parliament,1,Xavier Barsalou-duval,Member of Parliament,Xavier Barsalou-duval,Member of Parliament,Xavier Barsalou-duval,Member of Parliament
561210,2023-03-29,Xavier Barsalou-Duval,Member of Parliament,1,Xavier Barsalou-duval,Member of Parliament,Xavier Barsalou-duval,Member of Parliament,Xavier Barsalou-duval,Member of Parliament
563838,2023-04-26,Xavier Barsalou-Duval,Member of Parliament,1,Xavier Barsalou-duval,Member of Parliament,Xavier Barsalou-duval,Member of Parliament,Xavier Barsalou-duval,Member of Parliament
564310,2023-04-27,Xavier Barsalou-Duval,Member of Parliament,1,Xavier Barsalou-duval,Member of Parliament,Xavier Barsalou-duval,Member of Parliament,Xavier Barsalou-duval,Member of Parliament
569330,2023-05-02,Xavier Barsalou-Duval,Member of Parliament,1,Xavier Barsalou-duval,Member of Parliament,Xavier Barsalou-duval,Member of Parliament,Xavier Barsalou-duval,Member of Parliament
564049,2023-05-04,Xavier Barsalou-Duval,Member of Parliament,1,Xavier Barsalou-duval,Member of Parliament,Xavier Barsalou-duval,Member of Parliament,Xavier Barsalou-duval,Member of Parliament
567042,2023-05-09,Xavier Barsalou-Duval,Member of Parliament,1,Xavier Barsalou-duval,Member of Parliament,Xavier Barsalou-duval,Member of Parliament,Xavier Barsalou-duval,Member of Parliament
566761,2023-05-16,Xavier Barsalou-Duval,Member of Parliament,1,Xavier Barsalou-duval,Member of Parliament,Xavier Barsalou-duval,Member of Parliament,Xavier Barsalou-duval,Member of Parliament
567874,2023-05-16,Xavier Barsalou-Duval,Member of Parliament,1,Xavier Barsalou-duval,Member of Parliament,Xavier Barsalou-duval,Member of Parliament,Xavier Barsalou-duval,Member of Parliament
567462,2023-05-19,Xavier Barsalou-Duval,Member of Parliament,1,Xavier Barsalou-duval,Member of Parliament,Xavier Barsalou-duval,Member of Parliament,Xavier Barsalou-duval,Member of Parliament
567593,2023-06-06,Xavier Barsalou-Duval,Member of Parliament,1,Xavier Barsalou-duval,Member of Parliament,Xavier Barsalou-duval,Member of Parliament,Xavier Barsalou-duval,Member of Parliament
577979,2023-09-08,Xavier Barsalou-Duval,Member of Parliament,1,Xavier Barsalou-duval,Member of Parliament,Xavier Barsalou-duval,Member of Parliament,Xavier Barsalou-duval,Member of Parliament
577342,2023-09-27,Xavier Barsalou-Duval,Member of Parliament,1,Xavier Barsalou-duval,Member of Parliament,Xavier Barsalou-duval,Member of Parliament,Xavier Barsalou-duval,Member of Parliament
577385,2023-09-28,Xavier Barsalou-Duval,Member of Parliament,1,Xavier Barsalou-duval,Member of Parliament,Xavier Barsalou-duval,Member of Parliament,Xavier Barsalou-duval,Member of Parliament
583351,2023-10-17,Xavier Barsalou-Duval,Member of Parliament,1,Xavier Barsalou-duval,Member of Parliament,Xavier Barsalou-duval,Member of Parliament,Xavier Barsalou-duval,Member of Parliament
580845,2023-10-25,Xavier Barsalou-Duval,Member of Parliament,1,Xavier Barsalou-duval,Member of Parliament,Xavier Barsalou-duval,Member of Parliament,Xavier Barsalou-duval,Member of Parliament
585485,2023-11-08,Xavier Barsalou-Duval,Member of Parliament,1,Xavier Barsalou-duval,Member of Parliament,Xavier Barsalou-duval,Member of Parliament,Xavier Barsalou-duval,Member of Parliament
587026,2023-11-08,Xavier Barsalou-Duval,Member of Parliament,1,Xavier Barsalou-duval,Member of Parliament,Xavier Barsalou-duval,Member of Parliament,Xavier Barsalou-duval,Member of Parliament
584853,2023-11-21,Xavier Barsalou-Duval,Member of Parliament,1,Xavier Barsalou-duval,Member of Parliament,Xavier Barsalou-duval,Member of Parliament,Xavier Barsalou-duval,Member of Parliament
584976,2023-11-21,Xavier Barsalou-Duval,Member of Parliament,1,Xavier Barsalou-duval,Member of Parliament,Xavier Barsalou-duval,Member of Parliament,Xavier Barsalou-duval,Member of Parliament
587840,2023-11-21,Xavier Barsalou-Duval,Member of Parliament,1,Xavier Barsalou-duval,Member of Parliament,Xavier Barsalou-duval,Member of Parliament,Xavier Barsalou-duval,Member of Parliament
587931,2023-11-21,Xavier Barsalou-Duval,Member of Parliament,1,Xavier Barsalou-duval,Member of Parliament,Xavier Barsalou-duval,Member of Parliament,Xavier Barsalou-duval,Member of Parliament
591203,2023-11-21,Xavier Barsalou-Duval,Member of Parliament,1,Xavier Barsalou-duval,Member of Parliament,Xavier Barsalou-duval,Member of Parliament,Xavier Barsalou-duval,Member of Parliament
591569,2023-11-22,Xavier Barsalou-Duval,Member of Parliament,1,Xavier Barsalou-duval,Member of Parliament,Xavier Barsalou-duval,Member of Parliament,Xavier Barsalou-duval,Member of Parliament
589207,2023-11-28,Xavier Barsalou-Duval,Member of Parliament,1,Xavier Barsalou-duval,Member of Parliament,Xavier Barsalou-duval,Member of Parliament,Xavier Barsalou-duval,Member of Parliament
593834,2024-01-31,Xavier Barsalou-Duval,Member of Parliament,1,Xavier Barsalou-duval,Member of Parliament,Xavier Barsalou-duval,Member of Parliament,Xavier Barsalou-duval,Member of Parliament
598105,2024-02-07,Xavier Barsalou-Duval,Member of Parliament,1,Xavier Barsalou-duval,Member of Parliament,Xavier Barsalou-duval,Member of Parliament,Xavier Barsalou-duval,Member of Parliament
594170,2024-02-16,Xavier Barsalou-Duval,Member of Parliament,1,Xavier Barsalou-duval,Member of Parliament,Xavier Barsalou-duval,Member of Parliament,Xavier Barsalou-duval,Member of Parliament
599806,2024-03-19,Xavier Barsalou-Duval,Member of Parliament,1,Xavier Barsalou-duval,Member of Parliament,Xavier Barsalou-duval,Member of Parliament,Xavier Barsalou-duval,Member of Parliament
600705,2024-04-08,Xavier Barsalou-Duval,Member of Parliament,1,Xavier Barsalou-duval,Member of Parliament,Xavier Barsalou-duval,Member of Parliament,Xavier Barsalou-duval,Member of Parliament
600974,2024-04-16,Xavier Barsalou-Duval,Member of Parliament,1,Xavier Barsalou-duval,Member of Parliament,Xavier Barsalou-duval,Member of Parliament,Xavier Barsalou-duval,Member of Parliament
603465,2024-04-16,Xavier Barsalou-Duval,Member of Parliament,1,Xavier Barsalou-duval,Member of Parliament,Xavier Barsalou-duval,Member of Parliament,Xavier Barsalou-duval,Member of Parliament
603627,2024-04-18,Xavier Barsalou-Duval,Member of Parliament,1,Xavier Barsalou-duval,Member of Parliament,Xavier Barsalou-duval,Member of Parliament,Xavier Barsalou-duval,Member of Parliament
634604,2024-04-18,Xavier Barsalou-Duval,Member of Parliament,1,Xavier Barsalou-duval,Member of Parliament,Xavier Barsalou-duval,Member of Parliament,Xavier Barsalou-duval,Member of Parliament
607421,2024-05-07,Xavier Barsalou-Duval,Member of Parliament,1,Xavier Barsalou-duval,Member of Parliament,Xavier Barsalou-duval,Member of Parliament,Xavier Barsalou-duval,Member of Parliament
607971,2024-05-14,Xavier Barsalou-Duval,Member of Parliament,1,Xavier Barsalou-duval,Member of Parliament,Xavier Barsalou-duval,Member of Parliament,Xavier Barsalou-duval,Member of Parliament
605403,2024-05-21,Xavier Barsalou-Duval,Member of Parliament,1,Xavier Barsalou-duval,Member of Parliament,Xavier Barsalou-duval,Member of Parliament,Xavier Barsalou-duval,Member of Parliament
606814,2024-05-22,Xavier Barsalou-Duval,Member of Parliament,1,Xavier Barsalou-duval,Member of Parliament,Xavier Barsalou-duval,Member of Parliament,Xavier Barsalou-duval,Member of Parliament
608596,2024-05-28,Xavier Barsalou-Duval,Member of Parliament,1,Xavier Barsalou-duval,Member of Parliament,Xavier Barsalou-duval,Member of Parliament,Xavier Barsalou-duval,Member of Parliament
605974,2024-05-30,Xavier Barsalou-Duval,Member of Parliament,1,Xavier Barsalou-duval,Member of Parliament,Xavier Barsalou-duval,Member of Parliament,Xavier Barsalou-duval,Member of Parliament
605931,2024-06-04,Xavier Barsalou-Duval,Member of Parliament,1,Xavier Barsalou-duval,Member of Parliament,Xavier Barsalou-duval,Member of Parliament,Xavier Barsalou-duval,Member of Parliament
609827,2024-06-04,Xavier Barsalou-Duval,Member of Parliament,1,Xavier Barsalou-duval,Member of Parliament,Xavier Barsalou-duval,Member of Parliament,Xavier Barsalou-duval,Member of Parliament
606920,2024-06-11,Xavier Barsalou-Duval,Member of Parliament,1,Xavier Barsalou-duval,Member of Parliament,Xavier Barsalou-duval,Member of Parliament,Xavier Barsalou-duval,Member of Parliament
608302,2024-06-11,Xavier Barsalou-Duval,Member of Parliament,1,Xavier Barsalou-duval,Member of Parliament,Xavier Barsalou-duval,Member of Parliament,Xavier Barsalou-duval,Member of Parliament
607628,2024-06-13,Xavier Barsalou-Duval,Member of Parliament,1,Xavier Barsalou-duval,Member of Parliament,Xavier Barsalou-duval,Member of Parliament,Xavier Barsalou-duval,Member of Parliament
610239,2024-06-13,Xavier Barsalou-Duval,Member of Parliament,1,Xavier Barsalou-duval,Member of Parliament,Xavier Barsalou-duval,Member of Parliament,Xavier Barsalou-duval,Member of Parliament
610814,2024-06-13,Xavier Barsalou-Duval,Member of Parliament,1,Xavier Barsalou-duval,Member of Parliament,Xavier Barsalou-duval,Member of Parliament,Xavier Barsalou-duval,Member of Parliament
617171,2024-09-13,Xavier Barsalou-Duval,Member of Parliament,1,Xavier Barsalou-duval,Member of Parliament,Xavier Barsalou-duval,Member of Parliament,Xavier Barsalou-duval,Member of Parliament
615634,2024-09-26,Xavier Barsalou-Duval,Member of Parliament,1,Xavier Barsalou-duval,Member of Parliament,Xavier Barsalou-duval,Member of Parliament,Xavier Barsalou-duval,Member of Parliament
615832,2024-10-01,Xavier Barsalou-Duval,Member of Parliament,1,Xavier Barsalou-duval,Member of Parliament,Xavier Barsalou-duval,Member of Parliament,Xavier Barsalou-duval,Member of Parliament
619634,2024-10-08,Xavier Barsalou-Duval,Member of Parliament,1,Xavier Barsalou-duval,Member of Parliament,Xavier Barsalou-duval,Member of Parliament,Xavier Barsalou-duval,Member of Parliament
619297,2024-10-22,Xavier Barsalou-Duval,Member of Parliament,1,Xavier Barsalou-duval,Member of Parliament,Xavier Barsalou-duval,Member of Parliament,Xavier Barsalou-duval,Member of Parliament
624109,2024-10-24,Xavier Barsalou-Duval,Member of Parliament,1,Xavier Barsalou-duval,Member of Parliament,Xavier Barsalou-duval,Member of Parliament,Xavier Barsalou-duval,Member of Parliament
619988,2024-10-29,Xavier Barsalou-Duval,Member of Parliament,1,Xavier Barsalou-duval,Member of Parliament,Xavier Barsalou-duval,Member of Parliament,Xavier Barsalou-duval,Member of Parliament
621557,2024-10-29,Xavier Barsalou-Duval,Member of Parliament,1,Xavier Barsalou-duval,Member of Parliament,Xavier Barsalou-duval,Member of Parliament,Xavier Barsalou-duval,Member of Parliament
620484,2024-11-06,Xavier Barsalou-Duval,Member of Parliament,1,Xavier Barsalou-duval,Member of Parliament,Xavier Barsalou-duval,Member of Parliament,Xavier Barsalou-duval,Member of Parliament
625096,2024-11-06,Xavier Barsalou-Duval,Member of Parliament,1,Xavier Barsalou-duval,Member of Parliament,Xavier Barsalou-duval,Member of Parliament,Xavier Barsalou-duval,Member of Parliament
625091,2024-11-07,Xavier Barsalou-Duval,Member of Parliament,1,Xavier Barsalou-duval,Member of Parliament,Xavier Barsalou-duval,Member of Parliament,Xavier Barsalou-duval,Member of Parliament
625386,2024-11-26,Xavier Barsalou-Duval,Member of Parliament,1,Xavier Barsalou-duval,Member of Parliament,Xavier Barsalou-duval,Member of Parliament,Xavier Barsalou-duval,Member of Parliament
628123,2024-12-03,Xavier Barsalou-Duval,Member of Parliament,1,Xavier Barsalou-duval,Member of Parliament,Xavier Barsalou-duval,Member of Parliament,Xavier Barsalou-duval,Member of Parliament
629209,2024-12-05,Xavier Barsalou-Duval,Member of Parliament,1,Xavier Barsalou-duval,Member of Parliament,Xavier Barsalou-duval,Member of Parliament,Xavier Barsalou-duval,Member of Parliament
629421,2024-12-05,Xavier Barsalou-Duval,Member of Parliament,1,Xavier Barsalou-duval,Member of Parliament,Xavier Barsalou-duval,Member of Parliament,Xavier Barsalou-duval,Member of Parliament
626230,2024-12-12,Xavier Barsalou-Duval,Member of Parliament,1,Xavier Barsalou-duval,Member of Parliament,Xavier Barsalou-duval,Member of Parliament,Xavier Barsalou-duval,Member of Parliament
630347,2025-01-08,Xavier Barsalou-Duval,Member of Parliament,1,Xavier Barsalou-duval,Member of Parliament,Xavier Barsalou-duval,Member of Parliament,Xavier Barsalou-duval,Member of Parliament
629679,2025-01-17,Xavier Barsalou-Duval,Member of Parliament,1,Xavier Barsalou-duval,Member of Parliament,Xavier Barsalou-duval,Member of Parliament,Xavier Barsalou-duval,Member of Parliament
632160,2025-02-21,Xavier Barsalou-Duval,Member of Parliament,1,Xavier Barsalou-duval,Member of Parliament,Xavier Barsalou-duval,Member of Parliament,Xavier Barsalou-duval,Member of Parliament
634605,2025-03-18,Xavier Barsalou-Duval,Member of Parliament,1,Xavier Barsalou-duval,Member of Parliament,Xavier Barsalou-duval,Member of Parliament,Xavier Barsalou-duval,Member of Parliament
635606,2025-04-25,Xavier Barsalou-Duval,Member of Parliament,1,Xavier Barsalou-duval,Member of Parliament,Xavier Barsalou-duval,Member of Parliament,Xavier Barsalou-duval,Member of Parliament
496878,2021-02-26,"Xavier Barsalou-Duval, MP",Member of Parliament,1,Xavier Barsalou-duval,Member of Parliament,Xavier Barsalou-duval,Member of Parliament,Xavier Barsalou-duval,Member of Parliament
610656,2024-06-18,Xavier Daignault-Simard,Senior Director,1,Xavier Daignault-simard,Senior Director,Xavier Daignault-simard,Senior Director,Xavier Daignault-simard,Senior Director
506320,2021-04-29,Xavier Genest,Political Advisor to Mr. Champagne,1,Xavier Genest,Political Advisor to Mr. Champagne,Xavier Genest,Political Advisor to Mr. Champagne,Xavier Genest,Political Advisor to Mr. Champagne
456730,2019-05-17,Xavier Grosmaitre,Science and Higher Education Attaché,1,Xavier Grosmaitre,Science and Higher Education Attaché,Xavier Grosmaitre,Science and Higher Education Attaché,Xavier Grosmaitre,Science and Higher Education Attaché
556354,2023-01-30,Xavier Rodriguez,Trade Commissioner,1,Xavier Rodriguez,Trade Commissioner,Xavier Rodriguez,Trade Commissioner,Xavier Rodriguez,Trade Commissioner
434792,2018-09-05,Xavier Tregan,Advisor,1,Xavier Tregan,Advisor,Xavier Tregan,Advisor,Xavier Tregan,Advisor
433604,2018-09-05,Xavier Trégan,Advisor,1,Xavier Tregan,Advisor,Xavier Tregan,Advisor,Xavier Tregan,Advisor
601707,2024-04-17,Xavier Vignola,Member of Parliament,1,Xavier Vignola,Member of Parliament,Xavier Vignola,Member of Parliament,Xavier Vignola,Member of Parliament
407437,2017-08-31,Xenia Maren Menzies,Junior Policy Analyst,1,Xenia Maren Menzies,Junior Policy Analyst,Xenia Maren Menzies,Junior Policy Analyst,Xenia Maren Menzies,Junior Policy Analyst
382394,2016-07-08,Xenia Menzies,Junior Policy Analyst,1,Xenia Menzies,Junior Policy Analyst,Xenia Menzies,Junior Policy Analyst,Xenia Menzies,Junior Policy Analyst
588734,2023-11-10,Xenos Demetrios,Director General,1,Xenos Demetrios,Director General,Xenos Demetrios,Director General,Xenos Demetrios,Director General
546433,2022-10-24,Xiaorong Qiao,Economic Analyst,1,Xiaorong Qiao,Economic Analyst,Xiaorong Qiao,Economic Analyst,Xiaorong Qiao,Economic Analyst
615734,2024-09-25,Xi Chu,Director,1,Xi Chu,Director,Xi Chu,Director General,Xi Chu,Director General
615735,2024-09-25,Xi Chu,Director General,1,Xi Chu,Director General,Xi Chu,Director General,Xi Chu,Director General
617307,2024-10-11,Xi Chu,Director General,1,Xi Chu,Director General,Xi Chu,Director General,Xi Chu,Director General
514321,2021-07-22,Ximena Suar,Manager,1,Ximena Suar,Manager,Ximena Suar,Manager,Ximena Suar,Manager
464300,2020-01-28,Xin Gao,Director,1,Xin Gao,Director,Xin Gao,Director,Xin Gao,Director
508089,2021-05-11,Xin Gao,Director,1,Xin Gao,Director,Xin Gao,Director,Xin Gao,Director
513782,2021-08-06,Xin Pang,Research Scientist,1,Xin Pang,Research Scientist,Xin Pang,Research Scientist,Xin Pang,Research Scientist
499311,2021-02-12,Xiong Mai,Program Engineer,1,Xiong Mai,Program Engineer,Xiong Mai,Program Engineer,Xiong Mai,Program Engineer
503938,2021-04-15,Xiong Mai,Program Engineer,1,Xiong Mai,Program Engineer,Xiong Mai,Program Engineer,Xiong Mai,Program Engineer
